d,s,seed,epidemic_duration,ended_naturally,total_deaths,final_recovered,peak_sick,peak_infected_plus_sick
0.0,1.0,101,149,True,0,744,54,98
0.0,1.0,203,167,True,0,736,67,121
0.0,1.0,307,142,True,0,703,54,97
0.0,1.0,409,145,True,0,742,64,118
0.0,1.0,503,168,True,0,720,51,90
0.0,1.0,607,195,True,0,710,55,100
0.0,1.0,709,158,True,0,728,61,111
0.0,1.0,812,193,True,0,697,73,122
0.0,1.0,919,152,True,0,730,56,104
0.0,1.0,1021,155,True,0,692,54,103
0.1,0.9,101,168,True,73,647,69,123
0.1,0.9,203,191,True,80,618,36,67
0.1,0.9,307,150,True,65,665,63,111
0.1,0.9,409,148,True,81,640,75,137
0.1,0.9,503,136,True,58,640,70,137
0.1,0.9,607,199,True,77,622,47,91
0.1,0.9,709,189,True,70,631,47,77
0.1,0.9,812,188,True,64,674,57,106
0.1,0.9,919,169,True,70,646,52,99
0.1,0.9,1021,191,True,67,623,46,79
0.2,0.8,101,181,True,129,564,68,106
0.2,0.8,203,155,True,159,541,70,119
0.2,0.8,307,164,True,153,578,61,119
0.2,0.8,409,170,True,150,547,45,82
0.2,0.8,503,188,True,143,566,58,94
0.2,0.8,607,183,True,144,599,84,149
0.2,0.8,709,206,True,140,549,44,78
0.2,0.8,812,159,True,140,594,60,114
0.2,0.8,919,150,True,143,560,65,117
0.2,0.8,1021,157,True,135,607,73,136
0.3,0.7,101,147,True,219,508,73,132
0.3,0.7,203,173,True,227,508,65,119
0.3,0.7,307,150,True,229,504,63,110
0.3,0.7,409,194,True,200,506,39,72
0.3,0.7,503,133,True,209,503,55,99
0.3,0.7,607,212,True,222,488,46,83
0.3,0.7,709,172,True,222,478,50,82
0.3,0.7,812,154,True,228,487,69,128
0.3,0.7,919,153,True,213,506,53,91
0.3,0.7,1021,165,True,206,496,56,98
0.4,0.6,101,169,True,277,434,66,117
0.4,0.6,203,169,True,294,418,66,122
0.4,0.6,307,199,True,249,364,38,75
0.4,0.6,409,174,True,298,403,54,96
0.4,0.6,503,148,True,278,432,62,110
0.4,0.6,607,161,True,316,409,68,122
0.4,0.6,709,154,True,290,421,61,106
0.4,0.6,812,168,True,274,409,60,113
0.4,0.6,919,141,True,307,417,58,108
0.4,0.6,1021,159,True,297,392,44,80
0.5,0.5,101,168,True,362,347,54,101
0.5,0.5,203,132,True,354,359,63,116
0.5,0.5,307,144,True,370,357,58,107
0.5,0.5,409,178,True,358,365,54,102
0.5,0.5,503,141,True,365,348,57,103
0.5,0.5,607,226,True,331,346,49,97
0.5,0.5,709,157,True,368,370,65,120
0.5,0.5,812,209,True,359,330,45,83
0.5,0.5,919,155,True,350,346,67,125
0.5,0.5,1021,155,True,348,330,52,96
0.6,0.4,101,147,True,405,299,61,114
0.6,0.4,203,125,True,492,247,65,119
0.6,0.4,307,187,True,392,259,45,77
0.6,0.4,409,160,True,424,288,65,113
0.6,0.4,503,149,True,429,281,49,86
0.6,0.4,607,180,True,422,284,70,117
0.6,0.4,709,153,True,447,271,72,116
0.6,0.4,812,188,True,404,286,57,104
0.6,0.4,919,180,True,438,261,65,119
0.6,0.4,1021,165,True,422,262,52,98
0.7,0.3,101,150,True,507,219,63,112
0.7,0.3,203,166,True,500,207,56,103
0.7,0.3,307,151,True,461,212,53,85
0.7,0.3,409,226,True,494,207,42,77
0.7,0.3,503,177,True,471,206,44,82
0.7,0.3,607,188,True,453,214,52,88
0.7,0.3,709,165,True,504,201,63,116
0.7,0.3,812,151,True,504,221,57,111
0.7,0.3,919,182,True,487,228,57,107
0.7,0.3,1021,173,True,475,222,47,82
0.8,0.2,101,175,True,555,145,68,126
0.8,0.2,203,206,True,530,140,60,107
0.8,0.2,307,156,True,560,113,42,76
0.8,0.2,409,148,True,551,137,59,107
0.8,0.2,503,146,True,556,128,55,104
0.8,0.2,607,169,True,572,142,68,118
0.8,0.2,709,184,True,595,111,46,79
0.8,0.2,812,222,True,546,122,51,87
0.8,0.2,919,170,True,545,150,55,97
0.8,0.2,1021,204,True,552,141,61,109
0.9,0.1,101,176,True,628,71,56,107
0.9,0.1,203,146,True,648,73,59,115
0.9,0.1,307,201,True,622,73,42,75
0.9,0.1,409,128,True,636,76,62,123
0.9,0.1,503,171,True,599,59,43,79
0.9,0.1,607,184,True,646,75,49,83
0.9,0.1,709,178,True,616,62,45,81
0.9,0.1,812,165,True,655,62,47,93
0.9,0.1,919,156,True,651,65,75,129
0.9,0.1,1021,128,True,660,70,75,143
