d,s,duration_mean,duration_std,deaths_mean,deaths_std,peak_sick_mean,peak_sick_std,completed_runs,censored_runs
0.0,1.0,154.2,12.397580409095962,0,0.0,58,7.035623639735144,5,0
0.1,0.9,158.6,21.419617176784463,71.4,9.864076236526156,62.6,15.469324484281788,5,0
0.2,0.8,171.6,13.164345787011218,146.8,11.497825881443848,60.4,9.91463564635635,5,0
0.3,0.7,159.4,24.089416763383873,216.8,12.255610959882823,59,12.884098726725126,5,0
0.4,0.6,171.8,18.212632978237934,279.2,19.30543964793343,57.2,11.7983049630021,5,0
0.5,0.5,152.6,19.462785001124583,361.8,6.180614856144977,57.2,3.7013511046643495,5,0
0.6,0.4,153.6,22.578751072634642,428.4,38.52661417773433,57,9.38083151964686,5,0
0.7,0.3,174,31.15284898689043,486.6,19.67993902429578,51.6,8.677557259966655,5,0
0.8,0.2,166.2,25.023988491045948,550.4,11.844830095868831,56.8,9.5236547606473,5,0
0.9,0.1,164.4,28.201063809721788,626.6,18.24280680158621,52.4,9.289779329994873,5,0
